BANGLANET(BANGLADESH) ,BANGLADESH,APAC
PRIME NET LTD(BANGLADESH) ,BANGLADESH,APAC
BIT TO BYTE(BANGLADESH) ,BANGLADESH,APAC
NETSTREAM SOLUTIONS(BANGLADESH) ,BANGLADESH,APAC
OMNI SYSTEMS LIMITED(BANGLADESH) ,BANGLADESH,APAC
AT COMPUTER SOLUTION LIMITED(BANGLADESH) ,BANGLADESH,APAC
GAZI COMMUNICATIONS(BANGLADESH) ,BANGLADESH,APAC
PROFESSIONALS' SYSTEMS(BANGLADESH) ,BANGLADESH,APAC
ABACUS INFOTECH SOLUTIONS LIMITED(BANGLADESH) ,BANGLADESH,APAC
SASTECH LIMITED(BANGLADESH) ,BANGLADESH,APAC
WINDS INFOTECH LIMITED(BANGLADESH) ,BANGLADESH,APAC
BSO CORPORATION(BANGLADESH) ,BANGLADESH,APAC
SAMDANI TRADING INTERNATIONAL(BANGLADESH) ,BANGLADESH,APAC
AAMRA TECHNOLOGIES LTD(BANGLADESH) ,BANGLADESH,APAC
QUBEE(BANGLADESH) ,BANGLADESH,APAC
ONE SOURCE SOLUTIONS(BANGLADESH) ,BANGLADESH,APAC
NOKIA SOLUTIONS AND NETWORKS INDIA PRIVATE LTD(BANGLADESH) ,BANGLADESH,APAC
GERMANY COMPUTER AND TELECOM(BANGLADESH) ,BANGLADESH,APAC
INLAND NETWORKS(BANGLADESH) ,BANGLADESH,APAC
ACL TECHNOLOGIES(BANGLADESH) ,BANGLADESH,APAC
SMART TECHNOLOGIES (BD) LTD.(BANGLADESH) ,BANGLADESH,APAC
INFORMATION SOLUTIONS(BANGLADESH) ,BANGLADESH,APAC
TIGER IT BANGLADESH LIMITED(BANGLADESH) ,BANGLADESH,APAC
BEXIMCO LIMITED(BANGLADESH) ,BANGLADESH,APAC
OMEGA EXIM LIMITED(BANGLADESH) ,BANGLADESH,APAC
SMAPNET(BANGLADESH) ,BANGLADESH,APAC
OPTIMUS TECHNO SERVICES(BANGLADESH) ,BANGLADESH,APAC
I-SHADE(BANGLADESH) ,BANGLADESH,APAC
COMPUTER CITY TECHNOLOGIES LIMITED(BANGLADESH) ,BANGLADESH,APAC
DESKTOP COMPUTER CONNECTION LTD(BANGLADESH) ,BANGLADESH,APAC
TOTAL OFFICE SYSTEMS & SOLUTIONS(BANGLADESH) ,BANGLADESH,APAC
TECHVIBES LIMITED(BANGLADESH) ,BANGLADESH,APAC
ATSBD(BANGLADESH) ,BANGLADESH,APAC
BDCOM ONLINE LTD.(BANGLADESH) ,BANGLADESH,APAC
ITECH UNLIMITED(BANGLADESH) ,BANGLADESH,APAC
PARPLE IT(BANGLADESH) ,BANGLADESH,APAC
NSP(BANGLADESH) ,BANGLADESH,APAC
BIZTALK SOLUTION LTD.(BANGLADESH) ,BANGLADESH,APAC
GLOBAL INFO-TECH SYSTEMS(BANGLADESH) ,BANGLADESH,APAC
BRAC IT SERVICES LIMITED(BANGLADESH) ,BANGLADESH,APAC
BABYLON RESOURCES LIMITED(BANGLADESH) ,BANGLADESH,APAC
YSP TECHNOLOGY(BANGLADESH) ,BANGLADESH,APAC
NEXTECH(BANGLADESH) ,BANGLADESH,APAC
G4 TECHNOLOGIES LIMITED(BANGLADESH) ,BANGLADESH,APAC
SMART ELECTRONICS (BD) LTD.(BANGLADESH) ,BANGLADESH,APAC
ATTRABIT(BANGLADESH) ,BANGLADESH,APAC
CLOUD 9(BANGLADESH) ,BANGLADESH,APAC
APOGEE IT(BANGLADESH) ,BANGLADESH,APAC
BORLAND COMPUTERS(BANGLADESH) ,BANGLADESH,APAC
DRS TECHNOLOGIES & CONSULTANCY SERVICES(BANGLADESH) ,BANGLADESH,APAC
